[
    {
        "name": "LOAN",
        "level": "interval",
        "type": "decimal",
        "length": 8
    },
    {
        "name": "MORTDUE",
        "level": "interval",
        "type": "decimal",
        "length": 8
    },
    {
        "name": "VALUE",
        "level": "interval",
        "type": "decimal",
        "length": 8
    },
    {
        "name": "YOJ",
        "level": "interval",
        "type": "decimal",
        "length": 8
    },
    {
        "name": "DEROG",
        "level": "interval",
        "type": "decimal",
        "length": 8
    },
    {
        "name": "DELINQ",
        "level": "interval",
        "type": "decimal",
        "length": 8
    },
    {
        "name": "CLAGE",
        "level": "interval",
        "type": "decimal",
        "length": 8
    },
    {
        "name": "NINQ",
        "level": "interval",
        "type": "decimal",
        "length": 8
    },
    {
        "name": "CLNO",
        "level": "interval",
        "type": "decimal",
        "length": 8
    },
    {
        "name": "DEBTINC",
        "level": "interval",
        "type": "decimal",
        "length": 8
    },
    {
        "name": "REASON_HomeImp",
        "level": "interval",
        "type": "decimal",
        "length": 8
    },
    {
        "name": "JOB_Office",
        "level": "interval",
        "type": "decimal",
        "length": 8
    },
    {
        "name": "JOB_Other",
        "level": "interval",
        "type": "decimal",
        "length": 8
    },
    {
        "name": "JOB_ProfExe",
        "level": "interval",
        "type": "decimal",
        "length": 8
    },
    {
        "name": "JOB_Sales",
        "level": "interval",
        "type": "decimal",
        "length": 8
    },
    {
        "name": "JOB_Self",
        "level": "interval",
        "type": "decimal",
        "length": 8
    }
]